company,web
2DESIGN ,http://www.2design.com.au/
4D Australasia ,http://www.4d.com/au/
Abax Systems Pty Ltd ,http://www.abax.com.au/
Accent Software Pty Ltd ,http://www.accentsoftware.com.au/
Acclipse Limited ,http://www.acclipse.com.au
Acsis Technologies Pty Ltd ,http://www.acsis-tech.com.au/
activAeon Ltd ,http://activaeon.com/
Adriatic Web Technology ,http://www.adwebtech.net
Advanced Avionics Ltd ,http://www.apexhk.com/
Advanced Computing & Networking Technology Corporation ,http://www.acnc.com/
AdvanceRetail Technology Ltd. ,http://www.advanceretail.com/
Advansys Corporation ,http://www.advansyscorp.com/
AG Electronics ,http://www.ag-electronics.com/
Allfinanz Inc ,http://www.allfinanz.com
AlphaSys Website Design ,http://www.alphasys.com.au/
Altium Limited ,http://www.altiun.com
Amara Software ,http://www.amarasoftware.com
AMAT companies ,http://www.amatgroup.com
Amfac Queensland ,http://www.amfac.com.au/
ANATAS ,http://www.anatas.com/
Anitcom ,http://www.anicom.com.au
Appointments Book ,http://www.appointmentsbook.com/
APT ,http://www.predictivetechnologies.com
Aptara Inc ,http://www.aptaracorp.com
Argus Solutions Ltd ,http://www.argus-solutions.com
Arinya Technology Pty Limited ,http://referinfo.com/Info/1744442/arinya-technology-pty-limited.html
Ascribe plc ,http://www.ascribe.com/
Aspect North Ltd ,http://www.aspectnorth.com.au
ASVIC Engineering & Software ,
Atdec Pty Ltd ,http://www.asvic.com.au
Attache ,http://www.attache.com.au
Attunity Ltd ,http://www.attunity.com
Aura ,http://www.aura.com.au
Ausgen Family History Services ,http://www.ausgen.com
AVAND PTY LTD ,http://www.avand.com.au
Avantdigital ,http://www.avantdigital.com
Avernis ,http://www.avernis.com.au
AVOGA Pty Ltd ,http://www.confluence.avoga.com.au
Axe Group Pty Ltd ,http://www.axegroup.com
Azteq Pty Ltd ,http://www.azteq.com.au
Bacmil Ltd ,http://www.bacmil.com
Barcode Solutions Pty Limited ,http://www.barcode.com.au/
Barefoot Software Inc ,http://www.barefootsoft.com
Bawtech Systems ,http://www.bawtech.com.au
Beach Hut Media ,http://www.beachhutmedia.com.au
Billarga Pty Ltd ,http://www.billarga.com/
Bio-Link Partners Ltd ,http://creditorwatch.com.au/credit/profile/50112119347
Biztech Outsource ,http://www.zento.com.au
BlowWare Pty Ltd ,http://www.blowware.com.au
Blue Chip Consulting Pty Ltd ,http://www.blue-chip.com.au/
Bluegrain Multimedia ,http://www.bluegrain.com/
Bluwaters Pty Ltd ,http://www.bluwaters.com
Brambles Industries Limited ,http://www.referenceforbusiness.com/history2/57/Brambles-Industries-Limited.html
Brennan IT ,http://www.brennanit.com.au/
Brighton Consulting ,http://www.vermilian.com/
BrightSword Technologies Private Limited ,
Broadway Infotech ,http://www.broadwayinfotech.com.au/
Brock Internet Solutions ,http://www.brockinternet.com.au
Bulletproof Networks ,http://www.bulletproof.net.au/
Business Catalyst ,http://www.bizcatalyst.com/
Business Logic Systems Limited ,
BuzzCity Pte Ltd ,
Cable Cage Systems ,http://www.cablecagesystems.com.au
Calidad ,http://www.calidad.com.au/home.asp
Cash Focus Pty Ltd ,http://www.cashfocus.com/
CDA Software ,http://www.cdasoftware.com.au/
Cenqua ,http://www.cenqua.com
Centaur Software Development Co. ,http://www.centaursoftware.com.au/
CentricMinds ,http://centricminds.com/
Chameleon Software Pty Ltd ,http://www.chamsoft.com.au/
Chiizu ,http://www.chiizu.com.au
ChromeLeaf Technologies ,http://www.chromeleaf.com
Circle Software Ltd ,http://www.circlesoftware.com
Citect Corporation ,http://www.citect.com
Class Action P/L ,http://www.classactionpl.com
CleverLink ,http://www.cleverlink.com.au/
Client Software International Pty Ltd ,http://www.clientsoftware.com.au/
ClipsalSA ,http://www.clipsal.com.au/
CMS Computers Ltd. ,http://www.cms.com
CMS Hospitality ,http://www.cmshospitality.com/
Coastal IT Resources ,http://www.coastal-it.com.au/
CocoaLab ,http://www.cocoalab.com/
Cognitive Pty Ltd ,http://cognitive.com.au/
Coin Software Pty Ltd ,http://www.coinsoftware.com.au/
Comaze Pty Ltd ,http://www.comaze.com/
ComOps Limited ,http://www.comops.com.au/
Compusoft Australia ,http://www.compusoftaus.com.au/
Computer Information Agency ,http://www.ciaops.com/
Computer Network Technology Corporation ,http://www.cnt.com
Computer Networks Pty Ltd ,http://www.cnpl.com.au/
Conexus ,http://www.conexus.com.au    http://www.exportersindia.com/cmscomputerltd/
Congruent Global ,
Connecting Space ,http://www.connectingspace.com.au/
Conscious Investing Pty Ltd ,http://www.conscious-investor.com/
CorProfit Systems Pty Ltd ,http://www.corprofit.com/
CREATE Australia ,http://www.createaust.com.au/
CRM Solutions Pty Ltd ,http://www.crmsolutions.com.au
CRM Works Pty Ltd ,http://www.crmworks.com.au/
CTR Domain ,http://www.ctrdomain.com
CYBERAID LIMITED ,http://www.ezyhr.com.au
Darksun ,http://www.idarksun.com
Datacom company ,http://www.datacom.co.nz/About-Us/Contact-Us/Australia
Dataplex ,http://www.dataplex.com.au/
DataSync Consulting ,http://www.whitepages.com.au/business/datasync-consulting/    
DataSync Consulting ,http://www.aubizs.com/business/Datasync-Consulting_rxu.html
Decideware Pty Ltd ,http://www.decideware.com
Delta Software Technology GmbH ,http://delta-software.com/
DH Technology Pty Ltd ,http://www.dhtechnology.com.au/
DICOM Group plc ,http://www.dicomgroup.com/
DigiBOAT ,http://www.digiboat.com.au/
Digital Earth Pty Ltd ,http://www.digitalearth.com.au
Digital Revolution ,http://www.digitalrevolution.com.au/
Digital Tsunami Limited ,http://www.digital-tsunami.com/
Dingbat Technology Pty Ltd ,http://www.dingbat.net.au/
Dingosoft ,http://www.dingosoft.com.au/
Dipolar ,http://www.dipolar.com.au/
Diskcovery ,http://www.discovery.com.au
DNAml PTY LIMITED - DNAml ,http://www.dnaml.com/
DocsCorp Pty ,http://www.docscorp.com.au#sthash.qMDcQUtY.dpuf
Dosec Design Content ,http://dosec.com.au/
DST International Parent Limited ,http://www.cio.com.au
ECI ,http://exhaustcontrol.com.au/
ecknowledge.com ,http://www.ecknowledge.com
eHound Pty Ltd ,http://listings.fta-companies-au.com/l/100156031/Ehound-Pty-Ltd-in-Melbourne-VIC
Elcom Technology ,http://listings.fta-companies-au.com/
Elite Technology Group Pty Ltd ,http://www.elitetechnology.com.au/
eMedia Worx ,http://www.emediaworx.com.au/
Encom Technology Pty Ltd ,http://www.encom.com.au
Engineering Software Solutions ,http://www.aubizs.com/business/Engineering-Software-Solutions-Pty-Ltd_1aXZ.html
ePublish ,
Esprit Information Technology Pty Ltd ,http://www.northsydneyit.com.au
Essential Software ,
Eurofield Information Solutions LLC ,http://www.eis.com.au/
Eventures ,http://www.eventures.com.au
Exact Software Co. Ltd ,http://www.exactsoftware.com/docs/Portal.aspx
Exego Pty Ltd ,http://www.exego.com.au/
Excelan ,http://www.excelan.com.au/
EXCELSIS Business Technology AG ,http://www.excelsisnet.com/
"Exchange Technologies , Inc. ",
ExchangeWise Ltd ,http://www.exchangewise.com.au/
Exonet ,http://www.exonet.com/
Eyecraft ,http://www.eyecraft.com.au
EZI Automation Pty Ltd ,http://www.ezi.com.au
Fairport Technologies International Pty Ltd ,http://www.fairport.com.au/cn/
Figtree Systems Pty Ltd ,http://www.figtreesystems.com/
FinancePlus Software Pty Ltd ,http://www.financeplus.com.au
Fintechnix Pty Limited ,http://www.fintechnix.com/
Finzsoft Solutions Ltd ,http://www.finzsoft.com/
Firewall Systems ,http://www.firewalls.com.au/
FirmHQ ,http://www.firmhq.com/
FITECH PTY Ltd ,
FIXCOM COMPUTER SERVICES ,http://www.fixcom.com.au
FLUFFY SPIDER TECHNOLOGIES ,http://www.fluffyspider.com/
Forbes Rigby Pty Ltd ,
Frontwave ,http://www.frontwave.com.au/
Fuji Xerox Co. Ltd ,http://www.fujixerox.com/eng/
Fujitsu Australia Software Technology ,http://www.fujitsu.com
FulfilNET Limited ,http://www.fulfilnet.com.au
FullSite Pty Ltd ,http://www.fullsite.com.au/
Galexia Pty Ltd ,http://www.galexia.com/public/
Garradin Pty Ltd ,http://www.garradin.com
Gebesse Holdings Pty Ltd ,http://www.gebesse.com.au/
GEIS Pty Limited ,http://www.geis.com.au/
GenaWare Inc. ,http://www.genaware.com/
Genovate Solutions Pte ,http://www.genovate.com/
GetData ,http://www.getdata.com/
GLANCE SYSTEMS PTY LTD ,http://www.glancesystem.com.au
GLiNTECH ,http://www.glintech.com/
GlobalX Information Services Pty Ltd ,http://www.globalx.com.au
GMB Knowledge Management Inc. ,http://www.gmb.com.au
GR-FX Pty Limited ,http://www.gr-fx.com/
Green Software Pty Ltd ,http://www.greensoftware.com.au
Gruden ,http://www.gruden.com/
HAFZA Ltd ,
HansaWorld Ltd ,http://www.hansaworld.com/contact/austria
Harbour IT ,http://www.harbourit.com.au/
Harms Consulting Pty Ltd ,http://www.harmsconsulting.com/
Harrotech Pty Ltd ,http://www.harrosoft.com.au
HCI ,http://www.hcigroup.com/
HCL Technologies Limited ,
Health Media Group ,http://www.healthmedia.com.au/
Hexaware Technologies Ltd ,http://www.hexaware.com
Home Planet Software ,http://www.homepla.net/
HotDiary Inc ,http://www.hotdiary.org
HWW Limited ,http://www.hww.com.au
HyperWeb Communications ,http://www.hyperweb.com.au/
i-Link Research Solutions Pty Ltd ,http://www.i-linkresearch.com
Ian Thorpe ,http://www.itac.org.au/
IBA Health Limited ,http://www.isofthealth.com/
IC Consulting ,http://www.icconsulting.com.au/
iDatSo PTY LTD ,http://www.idatso.com/
Igatech Corporation ,http://www.igatech.com/
Incharge Group Pty Ltd ,http://www.incharge.com.au/
Indsys Computers Ltd. ,http://indsyscomputers.com/
InduKey Keyboard Production GmbH & Co ,http://www.indukey.com/
InfinITEM ,http://www.infinitem.com
InfoComp Pty Limited ,http://www.infocomp.com/
InfoMaster ,http://www.infomaster.com.au/
Infomedia Ltd ,http://www.infomedia.com.au/
Infra Corporation ,http://www.infra.com.au
InnoVISION Multimedia Limited ,http://www.ivmm.com
Insight Trading Pty Ltd ,http://www.insighttrading.com.au/
Inspired I.T. Pty Ltd ,
Internet Marketing Company ,http://www.pro-internet-marketing.com.au/
Internetrix ,http://www.internetrix.cn/
Interspire ,http://www.interspire.com/
Intrahealth ,http://intrahealth.com.au/
iOM International Holdings Ltd ,http://www.iomworld.com/
iOmniscient ,http://www.asmag.com/iomniscient.co
Ironclad Networks ,http://www.ironclad.net.au/
IT Magnet Pty Ltd ,http://www.itmagnet.com.au/
ITC ,http://www.itcsecurity.com/
Iteq ,http://www.iteq.com.au/
Ixora ,http://www.ixora.com.au/
Izilla Pty Ltd ,http://www.izilla.com.au/
Jeal Computer Services Pty Limited ,http://www.jeal.com.au/
Jetz Retail Systems ,http://www.jetz.com.au/
JLabs Pty Ltd ,http://www.jlabs.com
Justwin Technologies Inc. ,http://www.justwin.com
Kangasoft Pty Ltd ,http://www.kangasoft.com/
Karbon International ,http://www.karbon.com.au
KAZ Group Limited ,http://www.fujitsu.com/au/
Kingmax ,http://www.kingmax.com/
KONE Corporation ,http://www.kone.com.au
LAN Systems Pty Ltd ,http://www.lansystems.com.au
Lateral Systems Pty Ltd ,http://www.lateralsystems.com.au/
Layton Technology Inc ,http://laytontechnology.com/
LEAP Legal Software Pty Ltd ,
Level 4 Design Group ,http://www.level4.com.au/
Lexware International Limited ,http://www.lexware.co.uk
LISAsoft ,http://www.lisasoft.com/
Lloyd Energy Inc. ,
LongReach Group Ltd ,http://www.longreach.com/
Lufthansa Systems  ,
Lynne ,
MacDonald International ,http://www.miengineers.com/
MapData Sciences Pty Ltd ,http://www.mapds.com.au/
Mapsoft ,http://www.mapsoft.com.au/
Marco Esu ,http://www.marcoesu.com/
Martex Software Solutions Pty Limited ,http://www.martex.com.au/
Matrix Solutions Pty Ltd ,http://www.matrixsolutions.com.au/
MAVIM BV ,http://www.mavim.com/
Max eCommerce ,http://www.maxecommerce.com/
MaxiPlan Technology ,
McLachlan Group Pty Ltd ,http://www.mclachlan.com.au/
MDCS PTY LTD ,http://www.mdcs.com.au/
Media Pod Pty Ltd ,http://www.mediapod.com.au/
Medic Vision Pty Ltd ,
MEDICOM Solutions Ltd ,http://www.medicomsoft.com/
Metiri Mensus Pty Limited ,http://www.metirimensus.com/
Microchannel ,http://www.microchannel.com.au/
MIGTEC Pty. Ltd. ,http://www.migtec.com/
MobTech Pty Ltd ,http://www/mobtech.net.au
Mondelio Pty Ltd ,http://www.mondelio.com/
Mort Bay Consulting Ltd ,http://www.mortbay.com/
MPL Group Pty Ltd ,http://www.mpl.com.au.
MTD Software LTD ,http://www.mtdsoft.com
Munsys Technologies Ltd ,http://www.munsys.com
Murphy's Solutions Pty Ltd ,http://www.msolutions.com.au/
MXL Limited ,http://www.mxlmics.com/
Nano Systems ,http://www.jgnet.com.au/
NASDA PTY LTD ,http://www.nasda.com.au
Naturesoft Pvt Ltd ,http://www.nature-soft.com
NAVIGATE Pty Ltd ,http://www.navigate.com.au/
NCSI ,http://www.ncsi.com.au/
NetComm Limited ,http://www.netcomm.com.au/
NetForce Pty Ltd ,http://www.netforce.com.au/
NetLeverage ,http://www.netleverage.com/
Netway Networks ,http://www.netwaynetworks.com.au/
Network Enablers ,http://www.networkenablers.com.au/
Newbyte Educational Software ,http://www.newbyte.com/
Newcastle Infotech ,http://www.newcastleinfotech.com.au/
Nextwave Media Pty Ltd ,http://www.nextwavemedia.com.au/
Niche Corporation Pty Ltd ,http://www.nichecorp.com/index.php
Nitramedia ,http://www.nitramedia.com.au
NJ Phillips Pty Limited ,http://www.njphillips.com/
NJSTAR SOFTWARE CORP ,http://www.njstar.com/
North Shore I.T. Services Pty Limited ,http://www.shoreconsulting.com.au/
Nuix Pty Ltd ,http://www.nuix.com/
NWMT ,
O O P Inc ,
Object Connections ,http://www.objectconnections.com/
Object Consulting Pty Ltd ,http://www.objectconsulting.com.au/contact/
Objective Corporation ,http://www.objective.com/
Omedia ,http://www.omedia.com.au/
Omnigon ,http://www.omnigon.com.au/
OMX AB ,http://www.omxgroup.com/
One Reason ,http://www.onereason.com.au/
OnLine Systems ,http://www.online-int.com.au/
"Open Market , Inc. ",http://www.openmarkets.com.au
"OpenPlus International , Inc. ",
Opentec Pty Ltd ,http://www.opentec.com.au/
Orbitec Pty Ltd ,http://www.orbitec.com.au
Oriium Consulting ,http://www.oriium.com.au/
Orion Open Systems Pty Ltd ,http://www.orionopen.com.au/
Ozdesign Internet Services ,http://www.ozdesign.com.au
Oznet Internet Services Pty Ltd ,http://www.oznet.com.au/
Paceform ,http://www.paceform.com/
Pacific Commerce Pty Ltd ,http://www.pacificcommerce.com.au/
Pacific Knowledge Systems ,http://pks.com.au/
Paradigm Research & Development Corp. Ltd ,http://www.p-rd.com
Pastel Software Ltd ,http://www.pastel.com/
PayGlobal Limited. ,http://www.payglobal.com/
PC Tools Limited ,http://www.pctools.com#sthash.f6SUu3VF.dpuf
Peacock Bros Pty Ltd ,http://www.peacocks.com.au/
Pent Net Pty Ltd ,http://www.pent.net/
PicNet Pty Ltd ,http://www.picnet.com.au/
Picture Australia ,http://trove.nla.gov.au/general/australian-pictures-in-trove
Pierlite Ltd ,http://www.pierlite.com/
Platypus Partners LLC ,
Plutonic Zoo Pty Ltd ,http://www.plutoniczoo.com.au/
PMP Software ,http://www.pmp.com.au/
Point Blank Media Group ,http://www.pbmg.com.au/
Pointsec AB ,http://www.pointsec.com
Polaris Retail Infotech Ltd ,http://www.polarisretail.com
Positive IT Solutions Pty Ltd ,http://www.positive.com.au
PowerForce Software Pty Limited ,http://www.powerforcesoftware.com
Practical Systems Limited ,http://www.sysprac.com.au/
Precision Data Systems Pty Ltd ,http://www.precisiondata.com.au/
Process Mapping Pty Ltd ,http://www.processmapping.com.au/
Processworks Pte Ltd ,http://www.processworksgroup.com
PROCOS AG ,http://www.procos.com/
PROGENESIS ,http://www.eps.net.au/index.asp
Progmatics Pty Ltd ,http://www.progmatics.com.au/
Promote soft ,
Propella Software Ltd ,
Prosoft Interactive ,http://www.prosoftinteractive.com
Protocom Technology Pty Ltd ,http://www.protocomtechnology.com/
Pulse Data International Ltd ,http://www.ipaustralia.com.au
PureClass Technologies Pty Limited ,http://www.pureclass.net/
Purruna ,http://www.purruna.com.au/cgi-sys/defaultwebpage.cgi
PYXIS Solutions International Pty Ltd ,http://www.pyxis.com.au/
QA Software Pty Ltd ,http://www.qa-software.com/
QIQ Solutions Pty Limited ,http://www.qiqsolutions.com/
Quantum Software Solutions ,http://www.quantumsoftware.com.au/
Quantum Technology ,http://www.quantumrlv.com.au
Quickcomm Pty Ltd ,http://m.au.soopage.com/company/Quickcomm_Pty_Ltd_41WC.html
Qvalent Pty Ltd ,http://www.qvalent.com/
Radioplan GmbH ,http://www.radioplan.com/
Rasterex ,http://www.rasterex.com/
Reading Systems Pty Ltd ,http://www.readingsystems.com/
Red Rock Consulting ,http://www.redrock.net.au/
Regent Skylight Systems Pty Ltd ,http://www.regentskylights.com.au/
Revolution Software Services ,http://www.rev.com.au/
Right Choice Business Consultant ,
Rising Antivirus International Pty Ltd ,http://www.risingsoft.com.au
Rockend ,http://www.rockend.com.au/
Rojone Pty Ltd ,http://www.rojone.com.au/
ROSECORP INC ,http://www.rosecorp.net.au
RuleQuest Research Pty Ltd ,http://www.rulequest.com/
S3 Group Pty Ltd ,http://www.s3group.com.au
Safecom ,http://www.safecom.com.au/
Sage Pastel ,http://www.sagepastel.com/
Sales Management Resource International ,
"salesforce.com , Inc. ",http://www.salesmanagement.com.au
Sandstone Technology Pty Ltd ,http://www.sandstone.com.au/
SAVANT Systems International Pty Ltd ,http://www.savant-systems.com/
Scinaptic Communications Pty Ltd ,http://www.scinaptic.com/
Scorpio Software Services Pty Ltd ,http://www.scorpio.net.au
Secure Interactive ,http://www.secureinteractive.com/
Selerant Corporation ,http://www.selerant.com
Sententia ,http://www.sententia.com.au/
Sequentum Pty Limited ,http://www.sequentum.com/
Servcorp ,http://www.servcorp.com.au/
ShaoLin Microsystems Limited ,http://www.shaolinmicro.com
ShareChart ,
Shernet Intergrated Services ,http://www.shernet.net.au
Shexie Pty Ltd ,http://www.shexie.com.au/
Silicon Pty Ltd ,http://www.siliconchip.com.au/
Silpa Infotech Ltd ,http://www.silpainfotech.com
Sitec Solutions Inc ,http://www.sitec.com.au
SKEX ,http://www.skex.com.au/
Smartype ,http://www.smartype.com.au/
Smooth Mobility ,http://www.smoothmobility.com
Social Change Online ,http://online.socialchange.net.au/
Softship AG ,http://www.softship.com
Solution 6 Holdings Ltd ,http://www.solution6.com/
SolutionNet ,
Solvent Green Software ,http://www.solventgreen.com/
SOPRANO Design Pty Ltd ,http://www.sopranodesign.com/
Southpac Finance Systems Pty Ltd ,http://www.southpacfinance.com.au/
Spherical Technology Pty Ltd ,http://www.sphericaltech.com/
Spheronic Pty Ltd ,http://www.spheronic.com
Spiniphex Pty Ltd ,http://www.spiniphex.com/
"Stallion Technologies , Inc. ",http://www.stallion.com
Stamina Software Pty Ltd ,http://www.stamina.com.au/
Standard Technical Merchandise ,http://www.stmbags.com/
Stiearc Systems Pty Ltd ,http://support.stiearc.com.au/
Strand7 Pty Ltd ,http://www.strand7.com/
Strategic Business Consulting Pty Ltd ,http://www.sbcit.com.au/
Studio ARTES ,http://www.studioartes.com.au/
SwishZone ,http://www.swishzone.com/index.php
Switch I.T ,http://www.switchit.com/
Symbiosys ,http://www.symbiosys.com.au/
Synercon ,http://www.synercon.com.au
Syntax Writing Services ,http://www.syntaxwriting.com.au/
Syple Technologies ,http://www.syple.com.au/
Systematics ,http://www.systematics.com.au/
Systemik Solutions Pty Ltd ,http://www.systemiksolutions.com/
Sytec Resources Limited ,http://www.sytec.co.nz
TACTICS Consulting Pty Ltd ,http://tactics-demo.tacticsconsulting.com.au/
Tall Emu Pty Ltd ,http://www.tallemu.com.au/
Talman ,http://www.talman.com.au/
Talsico ,http://Talsico.com.au
Tamworth IT Solutions ,http://www.tamworthit.com.au/index.php/contact-us
TAO Software Solutions Pty Limited ,http://www.tao.com.au/
Technical Software Services ,http://www.tss.com.au/
Technology Partners Group ,http://www.technoloypartnersgroup.com
Telseek ,http://www.telseek.com
Template Central ,http://www.templatecentral.com
Tenmiles Corporation ,http://tenmiles.com/
Terasys Incorporated ,http://www.terasys.com
Thales Security Systems ,http://www.thales-security.com/
The Bridge Networks ,http://www.thebridgenetworks.com/
The DLA Group Pty Limited ,http://www.dlagroup.com.au/
The Hubb Organisation Pty Ltd ,http://www.tradingtutors.com.au/
The JavaScript Source ,
The Logical Interface ,http://www.logint.com.au/
The NTF Group Pty Ltd ,http://listings.fta-companies-au.com/l/101501451/The-NTF-Group-Pty-Ltd-in-Sydney-NSW
The Performance Technologies Group ,http://hrdptg.squarespace.com/
The SecureData Group ,http://www.securedategroup.com.au
Tier-3 Pty Limited ,http://listings.ftb-companies-au.com/l/102496627/Tier-3-Pty-Ltd-in-Chatswood-NSW
TIME-LINK Pty Ltd ,http://www.timelink.com.au/
TNI-Software ,
Topologi Pty ,http://www.topologi.com/
Total Synergy ,http://www.totalsynergy.com.au/
TradeScore International Pty Ltd ,http://www.tradescore.com.au/
Transcom Software Inc. ,http://transcomsoft.com/
TriGem Computer Inc ,http://www.trigem.com
Triple W Communications ,http://www.triplew-communications.com/
Turbosoft Pty Ltd ,http://www.turbosoft.com.au/
Turn-Key Systems ,http://www.turnkey.com.au/tksweb/index.html
"Ungerboeck Systems , Inc. ",http://www.ungerboeck.com
UniPix Pty Limited ,http://www.unipix.com.au/
Universal Events Pty Ltd ,http://www.universalevents.com.au/
UZR GmbH & Co KG ,http://www.uzr.de
Velocity Systems International ,http://velsys.com
VerbaCorp ,http://www.brtc.com.au
Vertikls Pty Ltd ,http://www.vertikls.com/
Video Interface ,http://m.au.soopage.com/company/Video_Interface_35zW.html
Visible Pty Ltd ,http://www.visible.au.com
"Visionetix Software , Ltd. ",http://www.visionetix.com/
Visual Analysis Pty Ltd ,http://www.visualanalysis.com/
Visual Components Inc. ,http://www.visualcomponents.com/contact/
Waplications Pty Ltd ,http://www.waplication.com.au
Wattle Software ,http://www.wattlesoft.com/
Web Garage ,http://www.webgarage.com.au
WEB OBJECTIVES ,http://www.webobjectives.com.au/
WebEdit Professional ,http://www.webedpro.com
WhiteStone Technology Pte Ltd ,http://www.whitestonetechnology.com/
Wild Technology Pty Ltd ,http://www.wildtechnology.net/
Wiliam Pty Limited ,http://www.wiliam.com.au/
Winbase Australia Pty Limited ,http://www.winbase.com.au
Wire Multimedia ,http://www.wiremultimedia.com
Witango ,http://www.witango.com/
World.Net Services Limited ,http://www.world.net/
XClusive Software ,http://www.xclusive.com.au/
XELIOS SA ,http://www.xelios.com/
XSIQ Pty Ltd ,http://www.xsiq.com
Yambay ,http://www.yambay.com/
Yield Management Services Pty Ltd ,http://yieldmanagement.com.au/
Zebra Communications Group ,http://www.zebracommunicationsgroup.com
Zenith Creations ,http://www.zenithcreations.com.au
ZettaServe Pty Ltd ,http://www.zettaserve.com/
