company,web
2Clix Pty Ltd ,http://www.aclix.com.au
4GHI Solutions AB ,http://www.4ghi.com/
AAMHatch ,http://aamgroup.com/
Absoft Group Companies ,http://absoft.com.au/
Absolute Data Group ,http://www.absolutedata.com/
ActiveBiz ,http://www.activebiz.com.au/
ADL Software ,http://www.adlsoftware.com/
Advanced Data Integration ,http://www.advdata.com.au/
Advanced Software Pty Ltd ,http://www.advancesoftware.com.au/
Alfresco Design Pty Ltd ,http://www.alfresco.com.au/
Arrow Software Consultants Pty Ltd ,http://www.arrowsoftware.com.au/
ASI Solutions ,http://www.asi.com.au/
Asken Research Pty Ltd ,http://www.asken.com.au/
Aspedia ,http://aspedia.net/
Auratech Software ,http://www.auratech.com.au/
Barcode Products Pty Ltd ,
Barung Landcare ,http://www.barunglandcare.org.au/
BERT Pty Ltd ,http://www.bert.com.au/
Blueprint Technologies Australia Pty Ltd ,http://www.bta.com.au/
Boyce Industries Pty Ltd ,http://www.boyceindustries.com.au/
Burns Bridge Australia Pty Ltd ,http://www.burnsbridge.com.au/
Business Manager Software Pty Ltd ,http://www.advancedbusinessmanager.com/
Cadsoft Corporation ,http://www.cadsoft.com/
Carbonsim ,http://simcarbon.com/
Cedar Creek Company Pty Ltd ,http://www.cedarcc.co.nz/home.aspx
CITEC ,http://www.citec.fi/en-US
Command Software Pty Ltd ,http://www.commandsoftware.com.au/
Communicat ,http://www.communicat.com.au/
Compusoft Systems Pty Ltd ,http://www.compusoft.com.au/
Creative Audio Pty Limited ,http://au.creative.com/
CTi002 ,http://www.cti002.com
CyWarp ,http://www.cywarp.com/
Data Aspects Pty Ltd ,http://www.dataaspects.com.au
DAVD Consulting Engineers Pty Ltd ,http://www.davd.com.au/
Designed Outta Site ,http://outtasitewebdesign.com/
Devision ,http://www.devision.com/
Dexion Pty Limited ,http://www.dexion.com.au/
Digicon ,http://www.digicon.com/
Digital Finesse ,http://www/digitalfinesse.com
Digital Instinct Pty Ltd ,http://www.digitalinstinct.com.au/
Dingo Software Pty Ltd ,http://www.dingo.com/
DPC Management ,http://www.dpcman.com.au/
DreamSpring ,http://www.dreamspring.com/
e-CBD ,http://www.e-cbd.com/
Ecosol Pty Ltd ,http://www.ecosol.com.au/
ELPRO Technologies ,http://www.elprotech.co.in/
Eminence Technology Pty Ltd ,http://eminence.com.au/
EncryptNT Technologies Pty Ltd ,http://www.encryptnt.com
Evercom Networks Pty Ltd ,http://www.evercom.net.au/evercom/
Evrsoft ,http://www.evrsoft.com/
Exactal ,http://www.exactal.com/
Extraordinary Escapes ,http://www.extraordinaryescapes.com.au/
Felix GmbH ,http://www.felix24.com/
FileWorx Software Solutions ,http://www.fileworx.com.au/
FOCUS Software Engineering Pty Ltd ,http://www.focus-sw.com/
Fusion Business Solutions Pty Ltd ,http://www.fusion-solutions.com/
Future Fleet ,http://www.futurefleet.com.au/
Future Retail PTY LTD ,http://www.futureretail.com.au/
Geomatic Technologies Pty Ltd ,http://geomatic.com.au/
Golden Orb Technologies ,http://www.golden-orb.com/
Gordon Grace ,http://www.grace-gordon.com/
Grabba International Pty Ltd ,http://www.grabba.com/en/
Harlosh Ltd ,http://www.harlosh.com/
Hightech Information System Ltd ,http://www.hisdigital.com/un/index.shtml
i4U ,http://i4u.com.cn/
IBS Global ,http://www.ibsglobalconsulting.com/
Improvement Tools Pty Ltd ,http://www.improvegroup.com.au/
Insane Technologies ,http://www.insane.net.au/
IntelliDesign ,http://www.intellidesign.com.au/
IntelliWhere ,http://www.intelliwhere.com/
InterDynamics Pty Ltd ,http://www.interdynamics.com/
Internet Business Design ,http://www.inbusiness.com.au/
Ironbark Software Pty Ltd ,http://www.ironbark.com.au/
iVolve Pty Ltd ,http://www.ivolve.com/
IWILL Corporation ,http://www.iwill.net/
J Co Homes Pty Ltd ,http://www.jcohomes.com.au
Jab Technologies Limited ,http://jabtechglobal.com/
JadeXS ,http://www.jadexs.com/
JDM Partners ,http://jdmpartnersllc.com/
Jottie ,http://www.jottie.com.au/
Just Phocus Pty Ltd ,http://www.justphocus.com.au/
LawNow Limited ,http://www.cms-lawnow.com/
Locatrix Communications ,http://www.locatrix.com/
LOCKyer interNET ,http://www.locknet.com.au/imc/
Mantara Software ,http://www.softwaremantra.com/
MAPTRAX AUSTRALIA CORPORATION ,http://www.maptrax.com.au
Matrix+ Consulting ,http://www.matrixconsulting.com/
Maxlink Media Services ,http://www.maxlink.com.au/
MetalRoad Pty Ltd ,http://www.metalroad.com
Metro Arts Reception ,http://www.metroarts.com.au/
National Food Industry Training Council Ltd ,http://www.nfitc.com.au
NetOptions ,http://www.netoptionslimited.com/
New Enterprise Technologies ,http://newenterprisetechnologies.org/
Nu Technology Inc. ,http://nutechnologyinc.com/
Open System Consultants ,http://www.open.com.au/
Opengear Inc. ,http://opengear.com/
Oranom Technologies ,http://www.oranom.com.au/
Planet Aviation ,http://www.planetaviation.com/
Pollen Software Pty Ltd ,http://www.pollensoftware.com/
Polymorphic Solutions Pty Ltd ,http://www.polymorphicsolutions.com.au/
Progea Srl ,http://www.progea.org/
Qtech Business Systems Pty Ltd ,http://www.qtech.com.au
Queensland Communications & Networking ,
Queensland Computers & Peripherals ,http://www.qcp.com.au/
Range Media Pty Ltd ,http://www.rangemedia.com.au/
Redcliffe Computer Support ,http://www.redcliffecomputersupport.com.au
Rimtech Software Australia Pty Ltd ,http://www.rimtech.com.au/
RK Design ,http://www.rkdesign.com.au
RLM Webcreations ,http://www.rlmwebcreations.com/
RMSS ,http://www.rmss.com.au/
Selenics Pty Ltd ,http://www.selenics.com/
SM2 ,http://www.sm2.com.au/
Software Development Pty Ltd ,http://www.softwaredevelopment.net.au/
Software Projects Pty Ltd ,http://www.sp.com.au/
Sollazzo Consulting Pty Ltd ,http://www.sollazzo.com/
Southpac Software ,http://www.southpac.com/
Sundata Pty Ltd ,http://www.sundata.com.au/
Sunhaus Pty Ltd ,http://www.sundaus.com.au
Syncroplex Systems ,http://www.syncroplex.com.au/
Synengco Pty Ltd ,http://www.synengco.com/
Synyati Enterprise Systems Pty Ltd ,http://www.synyati.com.au/
Tangelix ,http://www.tangelix.com
Technisoft ,http://www.technisoft.com.au/
Technisyst Pty Ltd ,http://www.technisyst.com.au/
TesioPower ,http://www.tesiopower.com/
Thorsys ,http://www.thorsys.com.au/
Total Data Solutions ,http://www.totaldatasolutions.com.au/
Transtoll Pty Ltd ,http://www.transtoll.com
Trend Care Systems Pty Ltd ,http://www.trendcare.com.au/
Trent Moffatt Designs ,http://www.tmdesigns.com.au/
ULF Web Services ,http://www.ulfwebservices.com.au
Ultimate Business Systems Pty Ltd ,http://www.ultimate.net.au/
Urban Software ,http://www.urbansoftware.com.au
Utamic Software Pty Ltd ,http://www.utamic.com.au/
Vesba Group ,http://www.vesba.com/
Vision 6 ,http://www.vision6.com.au/
vision GATEWAY Inc ,http://www.myglobalbizz.com/zh-tw/manufacture/vision-gateway-inc/
Volante ,http://www.volante.com.au
WDG Alfresco ,http://www.alfrescodesign.com
WebGraf-X ,http://www.webgraf-x.com.au
WebRaven Pty Ltd ,http://www.webraven.com.au/
webRefresh ,http://www.webrefresh.com.au/
WebStation ,http://www.webstation.com.au/
Wedgetail Communications Pty Ltd. ,http://www.wedgetail.com/
Wild Lime ,http://www.wildlimecafe.com.au
Windale Technologies Pty Ltd ,http://www.windale.com/
WORKINGMOUSE PTY LTD ,http://www.workingmouse.com/
Xo Limited ,
Xplosiv Enterprises ,http://www.xplosiventerprises.com/
XY Mapping ,http://www.xymapping.com.au/
XZERO Studios ,http://www.xzero.com.au
