company,web
A To B Solutions Pty Limited ,http://www.atob.com.au/
Aaromba Technologies Pty Limited ,http://www.aaromba.com/
Accenture Services Private Limited ,http://www.accenture.com/au-en/
Acelero Pty Limited ,http://www.acelero.com.au/
Acidgreen Pty Limited ,http://www.acidgreen.com.au
Actionquote Holdings Pty Limited ,http://www.actionquote.com.au/
Aderant Legal Holdings Aus Pty Limited ,http://www.aderant.com/
Adrenalin eSystems Ltd. ,http://www.myadrenalin.com/
Advanced Businesslink International Pty Limited ,
Adviser Connect Pty Limited ,http://www.adviceconnect.com.au
Agents Support Systems Pty Limited ,http://www.agentssupport.com.au/
Altiris Inc. ,http://www.altiris.com/
Andvid Pty Limited ,
Aol Australia Pty Limited ,
Ardex Technology Pty Limited ,http://www.ardex.com.au/
Ariba Australia Pty Limited ,http://fr.ariba.com
Ariba Technologies India Pvt. Ltd ,http://www.ariba.com/
Armour Networks Pty Limited ,http://www.armournetworks.com.au/
Arxxus Technology Partners Pty Limited ,http://www.arxxus.com/
Asia Partnership Consulting Pty Limited ,
Assirt Software Pty Limited ,
Atlassian Corporation Pty Limited ,
Atlassian Pty Limited ,http://www.atlassian.com/
Audit And Fraud Software Pty Limited ,http://www.auditsoft.com.au/
Ausfeng Group Pty Limited ,
Authentium Inc. ,http://www.authentium.com/
Avenall Enterprises Pty Limited ,http://www.sdgtechnology.com.au
AWM Systems ,http://www.awmsystems.com/
Axe Group Pty Limited ,http://www.axegroup.com/
B S M Global Pty Limited ,http://www.buysellmove.com/
Banklink Pty Limited ,http://www.banklink.com.au
Bcode Pty Limited ,http://bcode.com/#sthash.7YfMb4Pa.dpuf
Bcs Technology International Pty Limited ,http://www.bcstechnology.com.au/
Bea Systems Pty Limited ,http://www.oracle.com/us/corporate/acquisitions/bea/index.html
Bitwise Australia Pty Limited ,http://www.bitwise.com/
BitWise Solutions Pvt. Ltd ,http://www.bitwiseglobal.com/
Bluecentral Pty Limited ,http://www.bluecentral.com/
Borget Pty Limited ,http://www.bostonlager.com
Borland International Inc. ,http://www.borland.com/
Bravura Ecommerce Solutions Pty Limited ,
Bravura Portfolio Solutions Pty Limited ,
Bravura Solutions (Australia Pty Limited ,
Brennan Business Solutions Pty Limited ,
Bridge Associates Pty Limited ,
Brilliance Financial Technology Pty Limited ,http://bxfin.com/
Broadridge (Australia Pty Limited ,
Broadridge City Networks Asia Pacific (Singapore Private) Limited,
Bt Australasia Pty Limited ,
Burnside Copying Co ,
Business Prophet Pty Limited ,
Businessminds Australia Pty Limited ,http://www.businessminds.com/
C A Read & Associates Pty Limited ,
Cadcorp Pty Limited ,
Calibre Financial Technology Pty Limited ,http://www.calibreft.com.au
Callatay Et Wouters S A ,
Callidus Software Pty Limited ,http://www.calliduscloud.com/
Calypso Technology Pty Limited ,http://www2.calypso.com/our-culture/
Cameron Systems (Vic Pty Limited ,http://www.cameronsystems.com/
Camphin Boston Technology Pty Limited ,http://www.camphinboston.com.au
Capgemini ,http://www.au.capgemini.com/
Carrington Associates Asia Pacific Pty Limited ,http://www.caap.com.au/
Ceequence Technologies Pvt. Ltd. ,http://www.ceequence.com/
CGI Group Inc ,http://www.cgi.com/en/cgi-australia/
Chp Consulting Australia Pty Limited ,http://www.chpconsulting.com/ap/en/
Ciboodle Pty Limited ,http://www.sword-ciboodle.com/
Cipl Pty Limited ,
Cocoon Data Holdings Limited ,http://www.cocoondata.com/
Cocoon Data Pty Limited ,
Cognethos Pty Limited ,http://www.cognethos.com/
"Cognito, Inc ",
Coin Software Pty Limited ,http://www.coinsoftware.com.au/
Commvault Systems (Australia Pty Limited ,
Comparex Design Engineers (Cde Pty Limited ,
Computer Sciences Corporation ,http://www.csc.com/au
Computershare Technology Services Pty Limited ,
Container Automation Systems Pty Limited ,
Convergys Services Ltd. ,http://www.convergys.com/
Cornerstone Technologies Australia Pty Limited ,
Corum Ecommerce Pty Limited ,http://www.corumecommerce.com.au
Corum Systems Pty Limited ,http://www.corumgroup.com.au/
Corvis Pty Limited ,http://www.ultradata.com.au/
Cougar Consulting Pty Limited ,http://www.cougarproperty.com
Cougar Software Pty Limited ,http://www.cougarsoftware.com/
Court Technology Solutions Pty Limited ,
Covansys ,http://www.csc.com/
Covansys (Asia Pacific Private Limited ,
Cpa Global (Australia Pty Limited ,
Cpa Global Software Solutions Australia Pty Limited ,
Creative Ad Technology Proprietary Limited ,
Css Software Pty Limited ,
Cyber Engine Pty Limited ,
Cynergy Systems Pty Limited ,
Datacom Software Solutions Pty Limited ,
Dataract Pty Limited ,http://www.dataract.com.au/
Decision Systems Australia Pty Limited ,
Digital Imaging Asia Pacific Pte Ltd. ,http://www.imaging.com.sg/
Dillistone Systems (Australia Pty Limited ,
Dipolar Pty Limited ,http://www.dipolar.com.au/
Dnaml Pty Limited ,http://www.dnaml.com/
Docscorp Pty Limited ,
Documatics Australia Pty Limited ,
Dst Global Solutions Pty Limited ,
Dynamite Games Pty Limited ,http://www.dynamitegames.com.au
Ecetera Pty Limited ,
Ecoview Global Pty Limited ,http://www.ecoviewglobal.com/
Emite Pty Limited ,http://www.emite.com/
Endeca Technologies Limited ,
Enikos Pty Limited ,http://www.enikos.com/
Eone Integrated Business Solutions Pty Limited ,http://www.eonesolutions.com.au/
Es Labs Pty Limited ,
Eservglobal Limited ,http://www.eservglobal.com/
Esri Austrlalia,https://esriaustralia.com.au
Estate Master Pty Limited ,http://www.estatemaster.com/
Etherstack Pty Limited ,
Eureka Australia Pty Limited ,
Evr Services Pty Limited ,
Exchange Technology Pty Limited ,http://www.exchangetechnology.com.au
Exstream Software ,http://www.exstream.com/
Fair Isaac Corporation ,http://www.fairisaac.com/
Fermat Australia Pty Limited ,
Ffastfill Australia Pty Limited ,
Figtree Systems Pty Limited ,http://www.figtreesystems.com/
Financial Simplicity Pty Limited ,
Fintechnix Pty Limited ,
Free2give Pty Limited ,http://www.freetogive.com
Frontline Placement Technologies Pty Limited ,
Fudachi Com Pty Limited ,
Fuji Xerox Bpo Pty Limited ,
Fusefarm Interactive Pty Limited ,http://www.fusefarm.com.au/
Games Lab Pty Limited ,http://www.games-lab.com.au/
Gl Trade Australia Pty Limited ,
Global Knowledge Network Training Ltd,
GLOPORE IM Services Pvt. Ltd ,http://www.gloporeims.com/
Gruden Pty Limited ,
Gtech Australasia Corporation ,
Harbourit Pty Limited ,http://www.harbourit.com.au
Harms Consulting Partners Pty Limited ,
Has Solutions Pty Limited ,
Hexaware Technologies Limited ,http://www.hexaware.com/
Hindle Enterprises Pty Limited ,
Hronline Pty Limited ,
Htc Global Services (Australia)Pty Limited ,
Huawei Technologies Co. ,http://huawei.com/au/
I Languages Pty Limited ,
i2 Technologies ,http://www.i2.com/
iGATE ,http://www.igate.com/
Imagine Software (Australia Pty Limited ,
Impact Investing Group ,http://www.impact-group.com.au/invest-with-us
Infocentrix Pty Limited ,
Informatica Australia Pty Limited ,http://www.informatica.com/au
Infosys Solutions Pty Limited ,http://www.infosys-solutions.net/
Infosys Technologies Ltd ,http://www.infosys.com/australia/Pages/index.aspx
Integrated Software Solutions Pty Limited ,http://www.intsoftsol.com/
Integrity Treasury Solutions Pty Limited ,
Intel Corporation ,http://www.intel.com/jobs/australia/sites/sydney.htm
Intelligent Developments Pty Limited ,http://www.intelligentdevelopments.net/
Intergy Consulting Software Firm ,http://www.intergy.com.au
International Decision Systems Pty Limited ,
Intersystems Australia Pty Limited ,http://www.intersystems.com.au/
Inteweave Pty Limited ,http://www.inteweave.com.au/
Ion Trading Australia Pty Limited ,
Ip Payments Pty Limited ,
Irwinsolutions Pty Limited ,http://www.irwinsolutions.com/
Isell Pty Limited ,http://www.isell.com.au/
Isoft Australia Pty Limited ,
Isoft Healthcare Systems Pty Limited ,http://www.isoftplc.com
Isoft Solutions Pty Limited ,http://www.isoftglobal.com.au
IT&e Limited. ,http://www.ite.com.au/
Itron Australasia Pty. Ltd,http://www.itron.com.au
Jn Solutions Australia Pty Limited ,
Jowitt Pty Limited ,
Lacima Group Pty Limited ,
Layton Technology ,http://www.laytontechnology.com/
Leap Developments Pty Limited ,
Leap Legal Accounting Pty Limited ,
Leap Legal Software Pty Limited ,
Leap Searching Pty Limited ,
Leedit Pty Limited ,http://www.leedit.com.au/
Lg Uk Pty Limited ,
Dean & Ling Pty Limited ,http://www.deanling.com.au/
Lumley Technology Pty Limited ,
"Lvl 6, Sydney, Australia ",
Macroview Business Technology Pty Limited ,http://www.macroview.com.au/Pages/Home.aspx
MJ Hygiene Management Pty Limited ,http://www.safetec-group.com/
Management Planning Systems Pty Limited ,
March Networks (Australia Pty Limited ,
Marguerita Software ,
Market Data Services Pty Limited ,
Martian Logic Pty Limited ,http://www.adlogic.com.au/
Mastersoft Systems Pty Limited ,http://www.msi.com.au/
Mavim Australia Pty Limited ,
Mcgirr Information Technology Pty Limited ,http://www.mcgirrtech.com/
Mdsnews Australia Pty Limited ,
Mdsnews Com Pty Limited ,
Mercantile Systems Pty Limited ,
Mercury Development Group Pty Limited ,
Meridian Informatics Pty Limited ,http://www.meridianinfo.com/
Microsoft Corporation ,http://www.microsoft.com/en-au
Midwinter Advice Solutions Pty Limited ,
Milestone Group Pty Limited ,http://www.milestonegroup.com.au/
Misys ,http://www.misys.com/
Mitigator Pty Limited ,http://www.mitigator.com.au/MitMainMVC/
Mki Australia Pty Limited ,
Morf Dynamics Pty Limited ,
Mozaic Industries Pty Limited ,http://www.mozaic.com.au/
Msc Software Australia Pty Limited ,
Multimedia Entertainment Technology Pty Limited ,
Murex Australia Pty Limited ,
Mxl Consolidated Pty Limited ,
Mxl Group Pty Limited ,
National Ict Pty Limited ,
National Instruments Australia Corporation ,
NatureSoft Private Limited ,http://www.nature-soft.com/
Ncc Group Pty Limited ,
Ndc Global Services Pty Limited ,
Net Evolution Pty Limited ,http://www.patentsearch.net.au/
Netfira Pty Limited ,http://www.scbe.com.au/
Netonomy ,http://netonomy.net/
Netreturn Consulting Pty Limited ,http://www.netreturnconsulting.com.au/
Netscout Systems Australia Pty Limited ,
Netstrategies Pty Limited ,http://www.netstrategy.net/
Next Generation Security Software Ltd. ,http://www.ngssoftware.com/
NIIT Technologies Ltd ,http://www.niit-tech.com/
Nine Of Cups Pty Limited ,
Noble Systems Australia Pty Limited ,
Northern Arch Pty Limited ,
Nour Solutions Pty Limited ,
Novell Inc. ,http://www.novell.com/
Nucleus Software Exports Ltd. ,http://www.nucleussoftware.com/
Olicc Technologies Pty Limited ,
Omx Pty Limited ,
Onerail Pty Limited ,
Online Business Technologies Pty Limited ,
Ontrack Services Australia Pty Limited ,
Open Byte Systems Pty Limited ,http://www.open-byte.com/
Openlink International Pty Limited ,
Openwave Systems Inc ,http://www.openwave.com/
Openwave Systems Pty Limited ,
Orion Health Pty Limited ,http://www.orionhealth.com.au
Palantir Oz Pty Limited ,
Palisade Asia,
Paramedical Services Pty Limited ,http://www.paramedical.com.au/
Patria Pty Limited ,
Patsystems Pty Limited ,
Peace Software Australia Pty Limited ,
Pent Net Pty Limited ,http://www.pent.net/
Pharmasol Pty Limited ,
Phocas Pty Limited ,
Pinaki Holdings Pty Limited ,
Polaris Software Lab Limited ,http://www.polarisft.com/
Power Precedents Pty Limited ,
Project Performance Group Pty Limited ,
Prometric Pty Limited ,
Protocom Technology Pty Limited ,http://www.protocomtechnology.com/
Proview Pty Limited ,http://www.proview.com.au/
Quantalytic Pty Limited ,http://www.quantalytic.com.au/
Quantenna Communications Australia Pty Limited ,
Quantium Software Pty Limited ,
Raw Ideas Pty Limited ,http://www.rawideas.com/
Razor Risk Technologies Services Pty Limited ,
Reach Investor Solutions Pty Limited ,http://www.reachinvestorsolutions.com/
Recordpoint Software Pty Limited ,http://www.recordpoint.com.au/
Red Erb Pty Limited ,http://www.rederb.com
Remesys Pty Limited ,http://www.remesys.com.au
Reval Com Pty Limited ,http://www.quantalytic.com.au/
"Rga Technology Partners, Inc ",http://www.rgare.com
Rocksolid Consulting Pty Limited ,http://www.store-finder.net/shop-rocksolid-consulting-pty-ltd
Rts Realtime Systems Pty Limited ,http://www.rtsgroup.net
Rubik Financial Limited ,https://www.rubik.com.au/
RWD Technologies ,http://www.rwd.com/
S W I F T Services Australia Pty Limited ,
Saba Software (Australia Pty Limited ,
Sage Business Solutions Pty Limited ,http://www.sagebusiness.com.au/
Sales Technologies (Australia Pty Limited ,
Samartha Information Systems Pty Limited ,http://www.samartha.com/
Sanchez Computer Associates Pty Limited ,http://www.store-finder.net/sanchez-computer-associates-pty-ltd-sydney
Sassi Pty Limited ,http://www.sassydolls.com.au
Satisfy Solutions Pty Limited ,http://www.satisfy.com.au/
Satyam Computer Services Limited ,http://www.mahindrasatyam.com/
Scholaris International Limited ,
Select Software R&D Pty Limited ,
Select Software Solutions Pty Limited ,http://www.selectsoftware.com.au/
Select Software Telecommunications Services Pty Limited ,
Selingers Computer Services Pty Limited ,
Sfr International Pty Limited ,http://www.sfr-int.com/
Silqware Pty Limited ,http://www.silq.com.au/
Simcorp Asia Pty Limited ,
Siss Software Pty Limited ,http://www.siss.com.au/
Smartstream Technologies Australia Pty Limited ,
Softix Pty Limited ,
Softlog Systems Pty Limited ,
Solution4 Software Pty Limited ,
Sonicwall B V ,
Spry Fire Pty Limited ,http://www.spryfire.com.au/
Ss&C Technologies Australia Pty Limited ,
St George Apl Pty Limited ,
St Helens Technology Pty Limited ,
stralia ,http://www.straliaweb.com.au/
Strand7 Pty Limited ,http://www.strand7.com/
Strategic Consulting Partnerships Pty Limited ,
Strategic Path Publishing Pty Limited ,
Subscribe-HR,http://www.subscribe-hr.com.au/
Sungard Dealing Systems Pty Limited ,
Sungard Systems ,http://www.sungard.com/
Sungard Systems Pty Limited ,
Super Ip Pty Limited ,
Symantec (Australia Pty Limited ,
Symbiotic Technologies Limited ,
Systime Computer Systems ,http://www.systime.net/
Tall Emu Pty Limited ,http://www.tallemu.com.au/
Taxnology Pty Limited ,
Tech Mahindra ,http://www.techmahindra.com/
Temenos Australia Pty Limited ,
Terrapages Pty Limited ,http://www.terrapages.com/
The Australian Software Company Pty Limited ,http://www.tasc.com.au/company.html
The Axis Media Group ,http://www.axis-groupservices.co.uk/
The Cyber Billboard Pty Limited ,
The Global Learning Support Group Pty Limited ,http://globallearningsupport.com/
The Unlock Group Pty Limited ,
Think Software Pty Limited ,http://shop.thinksoftware.net.au/
ThoughtWorks Technologies Ltd. ,http://www.thoughtworks.com/
Tias Technology Pty Limited ,http://www.tias.com.au
Toowards Pty Limited ,http://www.toowards.com
Tradegate Australia Limited ,http://www.tradegate.org.au
Transition Technologies Pty Limited ,http://www.transitiontech.com.au/
Travelogix Pty Limited ,
Tribalise Pty Limited ,http://www.tribalise.com/
"Tripwire, Inc ",
Ttg Transportation Technology Pty Limited ,http://www.ttgtransportationtechnology.com/
UBS Service Centre ,http://www.ubs.com/
Uptick Pty Limited ,http://www.uptick.com.au/
Uxc Performance Management Pty Limited ,
Verbacorp Pty Limited ,
Verecom Australia Pty Limited ,http://www.verecom.com.au/
Vircom Pty Limited ,http://www.vircom.com.au/
Visibleit Pty Limited ,
Visual Risk Pty Limited ,http://www.visualrisk.com/
Vmware Australia Pty Limited ,http://www.vmware.com/au/
Waplications Pty Limited ,
Wealthpoint Trading Pty Limited ,
Whitech Pty Limited ,http://www.whitech.com.au/
Xoot Pty Limited ,
Yambay Technologies Pty Limited ,http://www.yambay.com.au/
Zenith Software Limited ,http://www.zenithsoft.com/
