company,web
5D Products ,http://www.5d-products.com
A-Wizard Pty Ltd ,http://www.a-wizard.com.au/
Abacus Systems Pty Ltd. ,http://www.abacus-systems.com/
Abaki Pty Ltd ,http://www.abaki.com/
Acard ,http://www.acard.com/
Acumentum Pty Ltd ,http:/www.acumentum.com
Admo ,http:/www.admo.com.au
Advanced Solutions International Inc ,http://www.imis.com/
Advent One Pty Ltd ,http://www.adventone.com/
Airloom ,http://www.airloom.com
Aniseed ,http://www.aniseed.com.au/
Appleseed Media Group ,http://www.appleseedmediagroup.com/
Areeba ,http://www.areeba.com.au/
Arikeepa ,http://www.arikeepa.com/
Arterial Software ,http://www.arterialsoftware.com/
ASCET Interactive ,http://www.ascetinteractive.com/
Ashgrove Computer Systems ,http://www.ashcomp.com.au/
Austchip Pty Ltd ,http://www.austchip.com
Austnet Support Group ,http://www.austnet.com.au/
Australian Landscape Management Pty ,http://www.alm.com.au/
Authentium Inc. ,http://www.authentium.com.au
Auto-I.T. Pty Ltd ,http://www.auto-it.com.au/
Avanteos ,http://www.avanteos.com.au/
Award One Technology Pty Ltd ,http://www.awardone.com.au/menu/login.htm
AZM Computer Services Ltd ,http://www.a-z-m.net/
Base Elements ,http://www.base-elements.com.au/
Base Elements ,http://www.base-elements.com.au/
Beethoven Computer Services ,http://www.beethoven.com.au/
Bellevue IT ,http://www.penrith.baseball.com.au/
Bendigo IT Pty Ltd ,http://www.bendigoit.com.au/
Big Time Media ,http:/www.bigtime.com.au
Billing Bureau ,http://www.billing.com.au/
Blaze International Limited ,http://www.blazelimited.com
Blue Reef ,http://www.bluereef.com.au/
Blue Skies Unlimited Pty Ltd ,http://www.skies.com.au/
"BPWork Info-Tech Co., Ltd, ",http://www.bpwork.com/
Brookstone Technologies Pty Limited ,http://www.brookstone.com.au/
BSITE International Limited ,
Byte ,http://www.thebyte.com.au/
Callista Software Services ,http://www4.callista.com.au/display/website/Home
Cap-XX Pty Ltd ,http:/www.cap-xx.com
CGI Group Inc ,http:/www.cgi.com.au/
Chip Development,http://chipdevelopment.com.au
Chrysocome ,http://www.chrysocome.net/
Civerex Systems Inc ,http://www.civerex.com/
Clarinox Technologies Pty Ltd ,http://www.clarinox.com/
CluedUp Ltd ,http://www.cluedup.com.au/
Coexl Technologies ,http://www.coexl.com.au/
Cognizant Technology Solutions ,http://chipdevelopment.com.auwww.sodhanai.com
Coherent Software Australia Pty Ltd ,http://www.cohsoft.com.au/
Commercial Interactive Media Pty Ltd ,http://www.cim.com.au/
Conceiva ,http://www.conceiva.com/
Consolidated Distributors ,http://consolidateddist.wix.com/cddist#!
Core8 Design Furniture ,http://www.core8.com.au/
CRM Software Pty Ltd ,http://www.crmsoftware.com.au/
CSIRO ,http://www.csiro.au/
CTAM Pty Ltd ,http://chipdevelopment.com.auwww.ctam.com.au
Cybersource ,http://www.cyber.com.au/
Datalink incorporated ,http://www.datalink.com.au/
Debian ,
DekSoft ,http://www.deksoft.com/
Design Avenue Software Pty. Ltd ,
designIT ,http://www.designit.com.au/
Digital Peripherals Pty Ltd ,http://www.dp.com.au/
Direct Marketing Software ,http://www.dmsw.com.au/
DrayTek Corp ,http://blog.draytek.com.au/
Dryden Technologies Pty Ltd ,http://www.drydentech.com/
Dynamic Solutions ,http://chipdevelopment.com.auwww.dynamic.net.au/
e-CentricInnovations Pty Ltd ,
e-Clips ,http://chipdevelopment.com.auwww.e-clips.com.au
e-Wise Solutions Queensland ,http://chipdevelopment.com.auwww.e-wise.com
eBizneeds ,http://www.ebizneeds.com.au/
ebusinessware inc. ,http://www.ebusinessware.com/
Echidna Web Design ,http://www.echidnaweb.com.au/
Eclipse Group ,http://www.eclipsegroup.com.au/
Eko Communications Pty Ltd ,http://chipdevelopment.com.auwww.eko.com.au
ELR Software Pty Ltd ,http://www.elr.com.au/
Emrack ,http://www.emrackinternational.com.au/
Envision I.T. Pty Ltd ,http://www.envisionit.com.au/
Eshbel Technologies Ltd ,http://www.eshbel.com/
Evan Evans Group ,
Evologic Technologies Pty Ltd ,
Evolution 7 ,http://www.evolution7.com.au/
Evolve IT ,http://chipdevelopment.com.auwww.evolvedit.com.au
Exa ,http://www.exa.com.au/
Exinda Networks ,http://www.virtualgraffiti.com.au/Exinda-Networks
Expetest Pty Ltd ,http://www.expetest.com/
EZ Software Pty Ltd ,http://chipdevelopment.com.auwww.ezsoftware.com.au
Favour Pty Ltd ,http://www.favour.com.au/
Financial Synergy Pty Ltd ,
Focal Point Computing Pty Ltd ,http://www.focalpoint.com.au/
Formation Technologies Inc ,http://www.formation.com.au
Forms Express ,http://www.formsexpress.com.au/
Fraynework Multimedia ,http://www.fraynework.com.au
FUSE ,https://www.fusepartners.com.au/
GAJ Software Pty Ltd ,
Gammon Software Solutions ,http://www.gammon.com.au/
Geocomp Systems ,http://www.geocomp.com.au/
Ghostgum Software Pty Ltd ,http://www.ghostgum.com.au/
GIDUE SpA ,
GLP ENGINEERING PTY LTD ,http://www.glp.com.au/
Gold Rush Technology ,http://www.goldrushtechnology.com.au/
Groupware Consulting ,http://www.groupware.com.au
HawkBridge Pty Ltd ,http://www.hawkbridge.com.au/
Heritage Stitchcraft ,
Hi-Voltage ,http://www.hi-voltage.com.au/
Hitme Templates ,http://www.hitme.com.au/
Hubco Pty Ltd ,http://www.hubco.net.au
i-Health Limited ,http://www.ihealthviews.com
IASP ,http://www.iasp.com.au/
iBase Global Pty Ltd ,http://www.ibaseglobal.com
iCare Solutions Pty Ltd ,http://www.icare.com.au/
iCare Solutions Pty Ltd ,http://www.icarehealth.com.au/
iFocus Pty Ltd ,http://www.ifocus.com.au/
ImageWare Technologies Pty Ltd ,http://www.imagewaretechnologies.com/contactus.html
Imagination Solutions Limited ,http://www.iswa.com
Impagination ,http://www.impagination.com.au/
Independent Systems Integrators Pty Ltd ,http://isi.com.au/
Infocode ,http://www.infocode.com.au
InfoComm Engineering ,http://www.coolice.com.au/
InfoTrak Pty Ltd ,http://www.infotrak.com.au/
Inlogik Ltd ,http://www.inlogik.com/
Intelligent Energy Systems ,http://www.iesys.com/
Internet Vision Technologies ,http://www.ivt.com.au/
Intrepid Geophysics Ltd ,http://www.intrepid-geophysics.com/ig/index.php?page=home
Invarion Inc. ,http://www.invarion.com/
Invizage Technology ,
iP3 Systems Ltd ,http://www.ip3systems.com/
IRESS Market Technology Limited ,http://www.iress.com.au/
ITN Lab SA ,http://www.itnlab.com/
iTWINE Technologies ,http://www.itwinetech.com/
Jeneri IT Pty Ltd ,http://www.jeneri.com.au/
Kardex VCA Pty Ltd ,http://www.kardex.com.au/
KATA LTD ,
KDE ,http://www.kde.org/
Kestral Computing Pty Ltd ,
KGM Business Systems ,http://www.kgmbusinesssystems.com/
KVS Inc ,http://www.kvsinc.com/
Landmark Software Pty Ltd ,http://mapiland.land-mark.com.au/
LDS International Pty Ltd ,http://www.lds-it.com.au
Learningfast Pty Ltd ,http://www.learningfast.com.au/
ManageSoft Corporation ,http://managesoft.com.au
Marillion Designs ,http://www.marilliondesigns.com/
MarketSMART ,http://www.marketsmart.com.au/
Maths Practice P/L ,
Maxiworks Pty Ltd ,http://www.maxiworks.com/
Mercator ,http://www.mercator.com.au
Merchantwise Pty Ltd ,http://www.merchantwise.com/
Mercury Computer Systems Pty Ltd ,http://www.beims.com/
MetaWerx.net ,http://www.metawerx.net/
Metro Software Developments ,http://www.msd.com.au/
MicrOpay ,http://www.micropay.com.au/
Mid-Comp International Pty Ltd ,http://www.midcomp.com.au
Midware Limited ,http://www.midware.com.au
Millennium Care Inc. ,
MiniFAB Pty Ltd ,http://www.minifab.com.au/
Mitchell Wilson & Partners ,http://www.mitchellwilson.com.au/
Momentum Technologies Group ,http://www.momentumgroup.com.au/
Multisoft Pty Ltd ,http://www.multisoft.com.au/
MYOB Limited ,http://myob.com.au/
ndWare ,http://www.ndware.com
NET Promotions ,http://www.netpromotions.com.au/
Net Solutions Pty Ltd ,http://www.netsolutions.net.au/
Net integrity Inc. ,http://www.netegrity-1.com
NightWing Enterprises ,http://www.nightwing.com.au/
Niku Corporation ,http://www.niku.com/
Nortech Australia Pty Limited ,http://www.nortech.com.au/
Nusphere Pty Ltd ,http://www.nusphere.com.au
Oakton Limited ,http://www.oakton.com.au/
Oasis Software Pty Ltd ,
ObjectMastery Pty Ltd ,http://www.objectmastery.com/
OBS Pty Ltd ,
Obtech Global ,http://www.obtechglobal.com/
Ocean Software Pty Ltd ,http://www.ocean.com.au/
Online Works ,
OPEN DATE EQUIPMENT LTD ,http://www.opendate.co.
OPEN Networks Limited ,http://www.opennw.com
Open Office Pty Ltd ,http://www.openoffice.com.au/
Open Telecommunications Limited ,http://www.opentelecommunications.com/
Open Wave ,
Optimisation and Simulation Consulting ,http://www.optsim.com.au/web/
Optimus Prime Pty Ltd ,http://www.optimus-prime.com/
Optum Group Ltd ,http://www.optum.com.au/
Orbnet Pty Ltd ,http://www.orbnet.com.au
Oxygen Business Solutions ,http://www.oxygenforbusiness.com/
PageHound Pty Ltd ,http://www.pagehound.com
PageUp People Pty Ltd,http://www.pageuppeople.com/
PAN Software Pty Ltd ,http://www.pansoftware.com.au/
Peridot Technologies Ltd. ,
Periscope Consulting ,http://www.periscopeconsulting.com.au/
Phoneware Communication Systems Pty Ltd ,
PiXEL iNK MEDiA Pty Ltd ,http://www.pixelinkmedia.com/
Pixel IT Pty Ltd ,http://www.pixel.com.au/
Pixeltech Design Pty Ltd ,http://www.pixeltech.com.au/
Platform Interactive ,http://www.platforminteractive.com.au/
Polytrust AB ,http://www.polytrust.com
Pracom Ltd ,http://www.pracom.com.au
Precision Images Pty Ltd ,http://www.precision.com.au
Preston Aviation Solutions Pty Ltd ,http://www.preston.net
Printatech Systems Pty Ltd ,http://www.printatech.com.au
Prism Solutions Pty Ltd ,http://www.prism-solutions.com.au/
Pro Medicus Limited ,http://www.promedicus.com.au/
Professional Advantage ,http://www.profad.com/
Prologic Group Pty Ltd ,http://www.prologicgroup.com.au/
ProperTec Pty Ltd ,http://www.propertec.com
ProWess Sports ,http://www.prowess.com.au/
Qmani ,http://www.qmani.com/
QSR International ,http://www.qsrinternational.com/
QualTech International ,http://www.qualtech-int.com.au/
Quantm Ltd. ,http://www.quantm.net/
Radica Systems Limited ,http://www.radicasys.com/
Readify Pty Ltd ,http://www.readify.net/
Red Creative Design & Digital Pty Ltd ,http://www.redcreative.com/
Red Systems Group ,http://portal.redsystems.com.au/
Remora Technologies Pty Ltd ,http://www.remora.com.au/
Revelation Software Concepts Pty Ltd. ,http://www.xrsc.com/
Rimfire Resources Pty Ltd ,http://www.rimfireresources.com.au/#home-slider
Rising Software ,http://www.risingsoftware.com/home.php
RistanCASE GmbH ,http://www.ristancase.com
Rockets ,
Royal Flair ,http://www.royalflair.com.au/
Rubicon Systems ,http://www.rubicon.com.au/
S Central Pty Ltd ,http://www.scentral.com.au
Sage CRM solutions,http://www.sagebusiness.com.au/
Sastek Pty Ltd ,http://www.sastek.com/
SATO Corporation ,http://www.satoworldwide.com/
Scaftech Pty Ltd ,http://www.scaftech.com/
Scenovia ,http://www.scenovia.com/
Schmik Solutions Pty Limited ,http://www.schmik.com.au/
Senetas Corporation Limited ,http://www.senetas.com/
Sentom Pty Ltd ,http://www.sentom.com/
Serenata IntraWare AG ,http://www.serenata.com
Shaz Software Solutions ,http://www.shazsoftware.com
Shine Technologies Pty Ltd,http://www.shinetech.com/
Sigtec Pty Ltd,http://www.sigtec.com/
Sitescene ,http://www.sitescene.com.au/
SMART-itc's Custom Software ,http://www.smart-itc.com.au
Smarty Pants Publishing Pty Ltd ,http://www.smartypantsco.com/
Southern Cross Canvas Products,http://www.southerncrosscanvas.com.au/
Space Time Research ,http://www.spacetimeresearch.com/
Spatial Vision ,http://www.spatialvision.com.au/
Spinifex Computing Pty Limited ,https://www.spinifex.com.au/
SportsConnect Pty Ltd ,http://www.sportsconnect.net.au/
Sricom Pty Limited ,http://www.sricom.com.au/
Startek Technology ,http://www.star-tek.com.au/
Statcom Systems Pty Ltd ,http://www.statcomsystems.com/
Success Zone ,http://www.success-zone.com.au/
Summit Software Pty Ltd ,http://www.summitsoftware.com.au/
Supreme Web Design ,http://www.supremewebdesign.com
Sybiz ,http://www.sybiz.com/
Synergy Plus ,http://www.synergy.com.au/
SYPAQ Systems ,http://www.sypaq.com.au/
Systems Thought Pty Ltd ,http://www.ttsword.com.au
SysWorks ,http://www.sysworks.com.au/
t.Smart Media ,
Talgentra Ltd ,http://www.talgentra.com
Taliana Design ,http://www.talianadesign.com.au/
TerraPages Pty Ltd,http://www.terrapages.com/
The Fulcrum Group of Companies ,http://www.fulcrum.com.au/
The Learning Group Pty Ltd ,
The Majoris Systems Inc ,http://www.majoris.com
The Pricing Initiative ,http://www.pricinginitiative
The Ripe Group ,http://www.ripegroup.com/
Theseus Pty Ltd ,http://www.theseus.com.au/
Thomson Data Corporation ,http://www. thomsondatacorporation.com
Timeframe Systems ,http://www.time-frame.com
TOTAL LEARN ,
Trains Express ,http://www.trainexpress.com
Transtech Consulting Services Pty Ltd ,http://www.transtech.net.au
TTRservice.com ,http://www.ttservice.com
TUSC Computer Systems Pty Ltd ,http://www.tusc.com.au/
TypingMaster Inc ,http://www.typingmaster.com/
Ubiquity Pty Ltd ,http://www.ubiquity.com.au/
Ultradata ,http://www.ultradata.com.au/
Uniware Pty Ltd ,http://www.uniware.com.au/
Uniwin Pty Ltd ,
Visual DataFlex Studio ,
Visual Dimension Multimedia ,http://www.vdm.com.au/
Visual Paradigm ,http://www.visual-paradigm.com/
Vivid Impressions ,http://www.vividimpressions.com.au
Vivid Software Pty Ltd ,http://vividsoftware.net
Voipistry ,http://www.voipistry.com/
Waterwall Solutions ,http://www.waterwall.com.au/
Wavenet ,http://www.wavenet.net.au/
WDG ,http://www.wdg.com.au
we-do-IT Pty Ltd ,http://www.we-do-it.com/
Weaat Computer Company ,http://www.weaat.com
Webstreet Interactive ,http://www.webstreet.com.au/
Westan Pty Ltd ,http://www.westan.com.au/
WhatsHot Multimedia ,http://www.whatshot.net.au
World Net ,
Worldsmart Retech ,http://www.worldsmartretech.com.au/
XDT Pty Ltd ,http://www.catapultsoft.com/
ZED Data Solutions ,http://www.zdatasolutions.com.au/
Zikzak ,
